Workbook

Sheet 管理サマリー
A1: RPG-TEST OGG音源 差し替え管理
A2: BGM 42件・SE 34件、合計76件を管理します。各一覧の「現在状態」を更新すると進捗集計へ反映されます。
A4: 総音源数 | C4: 差し替え済み | E4: 未差し替え | G4: 完了率
A5: =COUNTA(BGM一覧!$D$5:$D$46)+COUNTA(SE一覧!$D$5:$D$38) -> 76 | C5: =COUNTIF(BGM一覧!$I$5:$I$46,"差し替え済み")+COUNTIF(SE一覧!$I$5:$I$38,"差し替え済み") -> 0 | E5: =A5-C5 -> 76 | G5: =IF(A5=0,0,C5/A5) -> 0
A8: 進捗内訳 | F8: 運用メモ
A9: 状態 | B9: BGM | C9: SE | D9: 合計 | F9: 1. 完成音源を一覧のファイル名へ変更 2. 記載された配置先へ上書き 3. 現在状態を差し替え済みに変更 4. 差替日・入手元・ライセンスを記録 5. 音量とゲーム内動作を確認 初期音量：フィールドBGM 30%／戦闘BGM 30% UI・メニューSE 5%／戦闘SE 5%／フィールド・イベントSE 5%
A10: 無音プレースホルダー | B10: =COUNTIF(BGM一覧!$I$5:$I$46,A10) -> 42 | C10: =COUNTIF(SE一覧!$I$5:$I$38,A10) -> 31 | D10: =B10+C10 -> 73
A11: 候補選定中 | B11: =COUNTIF(BGM一覧!$I$5:$I$46,A11) -> 0 | C11: =COUNTIF(SE一覧!$I$5:$I$38,A11) -> 3 | D11: =B11+C11 -> 3
A12: 入手済み | B12: =COUNTIF(BGM一覧!$I$5:$I$46,A12) -> 0 | C12: =COUNTIF(SE一覧!$I$5:$I$38,A12) -> 0 | D12: =B12+C12 -> 0
A13: 加工中 | B13: =COUNTIF(BGM一覧!$I$5:$I$46,A13) -> 0 | C13: =COUNTIF(SE一覧!$I$5:$I$38,A13) -> 0 | D13: =B13+C13 -> 0
A14: 差し替え済み | B14: =COUNTIF(BGM一覧!$I$5:$I$46,A14) -> 0 | C14: =COUNTIF(SE一覧!$I$5:$I$38,A14) -> 0 | D14: =B14+C14 -> 0
A15: 採用見送り | B15: =COUNTIF(BGM一覧!$I$5:$I$46,A15) -> 0 | C15: =COUNTIF(SE一覧!$I$5:$I$38,A15) -> 0 | D15: =B15+C15 -> 0
A18: 音量区分別の件数
A19: 音量区分 | B19: 件数 | C19: 初期値
A20: フィールドBGM（戦闘以外） | B20: 36 | C20: 30%
A21: 戦闘BGM | B21: 6 | C21: 30%
A22: UI・メニューSE | B22: 11 | C22: 5%
A23: 戦闘SE | B23: 12 | C23: 5%
A24: フィールド・イベントSE | B24: 11 | C24: 5%

Sheet BGM一覧
A1: RPG-TEST OGG音源管理表｜BGM
A2: 戦闘BGMとフィールドBGM（戦闘以外）は個別に音量調整されます。同名OGGで上書きし、ループ・音量・途中再開を確認してください。
A4: No. | B4: 音量区分 | C4: 用途分類 | D4: ファイル名 | E4: 用途 | F4: マニフェストキー | G4: 配置先 | H4: ループ | I4: 現在状態 | J4: 差替日 | K4: 入手元・制作者 | L4: ライセンス | M4: 音量確認 | N4: ループ確認 | O4: ゲーム内確認 | P4: 採用音源名 | Q4: 備考
A5: 1 | B5: フィールドBGM（戦闘以外） | C5: フィールド | D5: bgm_field_world.ogg | E5: 世界フィールド | F5: field_world | G5: assets/audio/bgm/bgm_field_world.ogg | H5: あり | I5: 無音プレースホルダー | M5: 未確認 | N5: 未確認 | O5: 未確認
A6: 2 | B6: フィールドBGM（戦闘以外） | C6: フィールド | D6: bgm_field_abyss_outer.ogg | E6: 深淵の魔窟 外縁 | F6: field_abyss_outer | G6: assets/audio/bgm/bgm_field_abyss_outer.ogg | H6: あり | I6: 無音プレースホルダー | M6: 未確認 | N6: 未確認 | O6: 未確認
A7: 3 | B7: フィールドBGM（戦闘以外） | C7: フィールド | D7: bgm_field_ship.ogg | E7: 船で移動中 | F7: field_ship | G7: assets/audio/bgm/bgm_field_ship.ogg | H7: あり | I7: 無音プレースホルダー | M7: 未確認 | N7: 未確認 | O7: 未確認
A8: 4 | B8: フィールドBGM（戦闘以外） | C8: フィールド | D8: bgm_field_wing.ogg | E8: 翼で飛行中 | F8: field_wing | G8: assets/audio/bgm/bgm_field_wing.ogg | H8: あり | I8: 無音プレースホルダー | M8: 未確認 | N8: 未確認 | O8: 未確認
A9: 5 | B9: フィールドBGM（戦闘以外） | C9: 町 | D9: bgm_town_start_village.ogg | E9: リュミナ村 | F9: town_start_village | G9: assets/audio/bgm/bgm_town_start_village.ogg | H9: あり | I9: 無音プレースホルダー | M9: 未確認 | N9: 未確認 | O9: 未確認
A10: 6 | B10: フィールドBGM（戦闘以外） | C10: 町 | D10: bgm_town_fire_village.ogg | E10: 炎の里イグニシア | F10: town_fire_village | G10: assets/audio/bgm/bgm_town_fire_village.ogg | H10: あり | I10: 無音プレースホルダー | M10: 未確認 | N10: 未確認 | O10: 未確認
A11: 7 | B11: フィールドBGM（戦闘以外） | C11: 町 | D11: bgm_town_wind_village.ogg | E11: 風の集落カザリア | F11: town_wind_village | G11: assets/audio/bgm/bgm_town_wind_village.ogg | H11: あり | I11: 無音プレースホルダー | M11: 未確認 | N11: 未確認 | O11: 未確認
A12: 8 | B12: フィールドBGM（戦闘以外） | C12: 町 | D12: bgm_town_water_city.ogg | E12: 水上都市リヴァリア | F12: town_water_city | G12: assets/audio/bgm/bgm_town_water_city.ogg | H12: あり | I12: 無音プレースホルダー | M12: 未確認 | N12: 未確認 | O12: 未確認
A13: 9 | B13: フィールドBGM（戦闘以外） | C13: 拠点 | D13: bgm_base_big_tower.ogg | E13: 大灯台 | F13: base_big_tower | G13: assets/audio/bgm/bgm_base_big_tower.ogg | H13: あり | I13: 無音プレースホルダー | M13: 未確認 | N13: 未確認 | O13: 未確認
A14: 10 | B14: フィールドBGM（戦闘以外） | C14: 拠点 | D14: bgm_base_thunder_fort.ogg | E14: ライザーク要塞 | F14: base_thunder_fort | G14: assets/audio/bgm/bgm_base_thunder_fort.ogg | H14: あり | I14: 無音プレースホルダー | M14: 未確認 | N14: 未確認 | O14: 未確認
A15: 11 | B15: フィールドBGM（戦闘以外） | C15: 拠点 | D15: bgm_base_light_palace.ogg | E15: 光の宮殿グランプリズマ | F15: base_light_palace | G15: assets/audio/bgm/bgm_base_light_palace.ogg | H15: あり | I15: 無音プレースホルダー | M15: 未確認 | N15: 未確認 | O15: 未確認
A16: 12 | B16: フィールドBGM（戦闘以外） | C16: 拠点 | D16: bgm_base_dark_castle.ogg | E16: 魔王城ガルヴァニア | F16: base_dark_castle | G16: assets/audio/bgm/bgm_base_dark_castle.ogg | H16: あり | I16: 無音プレースホルダー | M16: 未確認 | N16: 未確認 | O16: 未確認
... A46: 42 | B46: 戦闘BGM | C46: 戦闘 | D46: bgm_battle_wipeout.ogg | E46: 全滅時 | F46: battle_wipeout | G46: assets/audio/bgm/bgm_battle_wipeout.ogg | H46: あり | I46: 無音プレースホルダー | M46: 未確認 | N46: 未確認 | O46: 未確認

Sheet SE一覧
A1: RPG-TEST OGG音源管理表｜SE
A2: UI・メニューSE、戦闘SE、フィールド・イベントSEは個別に音量調整されます。開始SE・勝利SE・レベルアップSEは音源終了後に処理が進みます。
A4: No. | B4: 音量区分 | C4: 用途分類 | D4: ファイル名 | E4: 用途 | F4: マニフェストキー | G4: 配置先 | H4: クールダウン(ms) | I4: 現在状態 | J4: 差替日 | K4: 入手元・制作者 | L4: ライセンス | M4: 音量確認 | N4: 発音タイミング | O4: ゲーム内確認 | P4: 採用音源名 | Q4: 備考
A5: 1 | B5: フィールド・イベントSE | C5: イベント | D5: se_event_effect.ogg | E5: イベントエフェクト | F5: event_effect | G5: assets/audio/se/se_event_effect.ogg | H5: 0 | I5: 無音プレースホルダー | M5: 未確認 | N5: 未確認 | O5: 未確認
A6: 2 | B6: フィールド・イベントSE | C6: イベント | D6: se_heal.ogg | E6: 回復 | F6: heal | G6: assets/audio/se/se_heal.ogg | H6: 0 | I6: 無音プレースホルダー | M6: 未確認 | N6: 未確認 | O6: 未確認
A7: 3 | B7: フィールド・イベントSE | C7: イベント | D7: se_heal_spring.ogg | E7: 回復の泉 | F7: heal_spring | G7: assets/audio/se/se_heal_spring.ogg | H7: 0 | I7: 無音プレースホルダー | M7: 未確認 | N7: 未確認 | O7: 未確認
A8: 4 | B8: フィールド・イベントSE | C8: フィールド | D8: se_chest_open.ogg | E8: 宝箱開封 | F8: chest_open | G8: assets/audio/se/se_chest_open.ogg | H8: 0 | I8: 無音プレースホルダー | M8: 未確認 | N8: 未確認 | O8: 未確認
A9: 5 | B9: フィールド・イベントSE | C9: フィールド | D9: se_floor_move.ogg | E9: フロア移動 | F9: floor_move | G9: assets/audio/se/se_floor_move.ogg | H9: 0 | I9: 無音プレースホルダー | M9: 未確認 | N9: 未確認 | O9: 未確認
A10: 6 | B10: フィールド・イベントSE | C10: フィールド | D10: se_stairs.ogg | E10: 階段移動 | F10: stairs | G10: assets/audio/se/se_stairs.ogg | H10: 0 | I10: 無音プレースホルダー | M10: 未確認 | N10: 未確認 | O10: 未確認
A11: 7 | B11: フィールド・イベントSE | C11: フィールド | D11: se_warp.ogg | E11: ワープ床 | F11: warp | G11: assets/audio/se/se_warp.ogg | H11: 0 | I11: 無音プレースホルダー | M11: 未確認 | N11: 未確認 | O11: 未確認
A12: 8 | B12: フィールド・イベントSE | C12: フィールド | D12: se_damage_floor.ogg | E12: ダメージ床 | F12: damage_floor | G12: assets/audio/se/se_damage_floor.ogg | H12: 120 | I12: 無音プレースホルダー | M12: 未確認 | N12: 未確認 | O12: 未確認
A13: 9 | B13: フィールド・イベントSE | C13: フィールド | D13: se_switch.ogg | E13: スイッチ起動 | F13: switch | G13: assets/audio/se/se_switch.ogg | H13: 0 | I13: 無音プレースホルダー | M13: 未確認 | N13: 未確認 | O13: 未確認
A14: 10 | B14: フィールド・イベントSE | C14: フィールド | D14: se_ice_slide.ogg | E14: 氷床 | F14: ice_slide | G14: assets/audio/se/se_ice_slide.ogg | H14: 100 | I14: 無音プレースホルダー | M14: 未確認 | N14: 未確認 | O14: 未確認
A15: 11 | B15: フィールド・イベントSE | C15: フィールド | D15: se_wall_bump.ogg | E15: 壁衝突 | F15: wall_bump | G15: assets/audio/se/se_wall_bump.ogg | H15: 130 | I15: 候補選定中 | J15: 46228 | K15: 魔王魂 | M15: 未確認 | N15: OK | O15: OK | P15: システム36
A16: 12 | B16: UI・メニューSE | C16: UI・メニュー | D16: se_menu_confirm.ogg | E16: メニュー決定 | F16: menu_confirm | G16: assets/audio/se/se_menu_confirm.ogg | H16: 35 | I16: 候補選定中 | J16: 46228 | K16: 魔王魂 | M16: 未確認 | N16: OK | O16: OK | P16: システム49→23
A17: 13 | B17: UI・メニューSE | C17: UI・メニュー | D17: se_menu_cancel.ogg | E17: メニューキャンセル／戻る | F17: menu_cancel | G17: assets/audio/se/se_menu_cancel.ogg | H17: 35 | I17: 候補選定中 | J17: 46228 | K17: 魔王魂 | M17: 未確認 | N17: OK | O17: OK | P17: システム18
A18: 14 | B18: UI・メニューSE | C18: UI・メニュー | D18: se_dialogue.ogg | E18: 会話送り | F18: dialogue | G18: assets/audio/se/se_dialogue.ogg | H18: 45 | I18: 無音プレースホルダー | M18: 未確認 | N18: 未確認 | O18: 未確認
A19: 15 | B19: UI・メニューSE | C19: UI・メニュー | D19: se_ui_item_heal.ogg | E19: 道具使用（回復系） | F19: ui_item_heal | G19: assets/audio/se/se_ui_item_heal.ogg | H19: 45 | I19: 無音プレースホルダー | M19: 未確認 | N19: 未確認 | O19: 未確認
A20: 16 | B20: UI・メニューSE | C20: UI・メニュー | D20: se_ui_item_move.ogg | E20: 道具使用（移動系） | F20: ui_item_move | G20: assets/audio/se/se_ui_item_move.ogg | H20: 45 | I20: 無音プレースホルダー | M20: 未確認 | N20: 未確認 | O20: 未確認
A21: 17 | B21: UI・メニューSE | C21: UI・メニュー | D21: se_ui_item_growth.ogg | E21: 道具使用（育成系） | F21: ui_item_growth | G21: assets/audio/se/se_ui_item_growth.ogg | H21: 45 | I21: 無音プレースホルダー | M21: 未確認 | N21: 未確認 | O21: 未確認
A22: 18 | B22: UI・メニューSE | C22: UI・メニュー | D22: se_ui_skill_heal_revive.ogg | E22: スキル使用（回復・蘇生） | F22: ui_skill_heal_revive | G22: assets/audio/se/se_ui_skill_heal_revive.ogg | H22: 45 | I22: 無音プレースホルダー | M22: 未確認 | N22: 未確認 | O22: 未確認
A23: 19 | B23: UI・メニューSE | C23: UI・メニュー | D23: se_ui_blacksmith_start.ogg | E23: 鍛冶開始 | F23: ui_blacksmith_start | G23: assets/audio/se/se_ui_blacksmith_start.ogg | H23: 0 | I23: 無音プレースホルダー | M23: 未確認 | N23: 未確認 | O23: 未確認
A24: 20 | B24: UI・メニューSE | C24: UI・メニュー | D24: se_ui_alchemy_start.ogg | E24: 錬金開始 | F24: ui_alchemy_start | G24: assets/audio/se/se_ui_alchemy_start.ogg | H24: 0 | I24: 無音プレースホルダー | M24: 未確認 | N24: 未確認 | O24: 未確認
A25: 21 | B25: UI・メニューSE | C25: UI・メニュー | D25: se_ui_shop_buy.ogg | E25: 購入 | F25: ui_shop_buy | G25: assets/audio/se/se_ui_shop_buy.ogg | H25: 45 | I25: 無音プレースホルダー | M25: 未確認 | N25: 未確認 | O25: 未確認
A26: 22 | B26: UI・メニューSE | C26: UI・メニュー | D26: se_ui_shop_sell.ogg | E26: 売却 | F26: ui_shop_sell | G26: assets/audio/se/se_ui_shop_sell.ogg | H26: 45 | I26: 無音プレースホルダー | M26: 未確認 | N26: 未確認 | O26: 未確認
A27: 23 | B27: 戦闘SE | C27: 戦闘 | D27: se_encounter_start.ogg | E27: 戦闘開始 | F27: encounter_start | G27: assets/audio/se/se_encounter_start.ogg | H27: 0 | I27: 無音プレースホルダー | M27: 未確認 | N27: 未確認 | O27: 未確認
A28: 24 | B28: 戦闘SE | C28: 戦闘 | D28: se_battle_attack.ogg | E28: 通常攻撃 | F28: battle_attack | G28: assets/audio/se/se_battle_attack.ogg | H28: 45 | I28: 無音プレースホルダー | M28: 未確認 | N28: 未確認 | O28: 未確認
A29: 25 | B29: 戦闘SE | C29: 戦闘 | D29: se_battle_skill_magic.ogg | E29: 魔法スキル発動 | F29: battle_skill_magic | G29: assets/audio/se/se_battle_skill_magic.ogg | H29: 45 | I29: 無音プレースホルダー | M29: 未確認 | N29: 未確認 | O29: 未確認
... A38: 34 | B38: 戦闘SE | C38: 戦闘 | D38: se_battle_level_up.ogg | E38: レベルアップ | F38: battle_level_up | G38: assets/audio/se/se_battle_level_up.ogg | H38: 0 | I38: 無音プレースホルダー | M38: 未確認 | N38: 未確認 | O38: 未確認
